"Id","Position","First Name","Nickname","Last Name","FPPG","Played","Salary","Game","Team","Opponent","Injury Indicator","Injury Details","Tier","",""
"52101-54140","RB","Dalvin","Dalvin Cook","Cook","23.7","10","10500","JAC@MIN","MIN","JAC","Q","Ankle","","",""
"52101-39280","RB","Derrick","Derrick Henry","Henry","19.454545454545453","11","10000","CLE@TEN","TEN","CLE","","","","",""
"52101-45889","WR","Davante","Davante Adams","Adams","21.311111450195312","9","9500","PHI@GB","GB","PHI","","","","",""
"52101-22015","QB","Russell","Russell Wilson","Wilson","25.685455322265625","11","9000","NYG@SEA","SEA","NYG","","","","",""
"52101-53562","RB","Nick","Nick Chubb","Chubb","14.225000381469727","8","8700","CLE@TEN","CLE","TEN","","","","",""
"52101-63484","QB","Kyler","Kyler Murray","Murray","27.32363614169034","11","8700","LAR@ARI","ARI","LAR","Q","Shoulder - ac joint","","",""
"52101-73048","WR","DK","DK Metcalf","Metcalf","16.80909035422585","11","8500","NYG@SEA","SEA","NYG","","","","",""
"52101-6894","QB","Aaron","Aaron Rodgers","Rodgers","23.89999944513494","11","8500","PHI@GB","GB","PHI","","","","",""
"52101-64555","WR","Calvin","Calvin Ridley","Ridley","15.210000610351562","10","8400","NO@ATL","ATL","NO","Q","Foot","","",""
"52101-40442","RB","Aaron","Aaron Jones","Jones","17","9","8400","PHI@GB","GB","PHI","","","","",""
"52101-72846","WR","A.J.","A.J. Brown","Brown","15.311111450195312","9","8200","CLE@TEN","TEN","CLE","Q","Hip","","",""
"52101-54879","QB","Deshaun","Deshaun Watson","Watson","23.849090576171875","11","8200","IND@HOU","HOU","IND","","","","",""
"52101-29253","WR","Keenan","Keenan Allen","Allen","15.454545454545455","11","8100","NE@LAC","LAC","NE","","","","",""
"52101-16606","WR","DeAndre","DeAndre Hopkins","Hopkins","14.290908813476562","11","8000","LAR@ARI","ARI","LAR","","","","",""
"52101-64119","RB","Chris","Chris Carson","Carson","15.271428789411273","7","8000","NYG@SEA","SEA","NYG","Q","Foot","","",""
"52101-14190","WR","Julio","Julio Jones","Jones","13.524999618530273","8","8000","NO@ATL","ATL","NO","Q","Hamstring","","",""
"52101-27050","WR","Tyler","Tyler Lockett","Lockett","14.554546009410512","11","7900","NYG@SEA","SEA","NYG","","","","",""
"52101-69189","QB","Justin","Justin Herbert","Herbert","24.210000610351564","10","7900","NE@LAC","LAC","NE","","","","",""
"52101-72731","RB","Josh","Josh Jacobs","Jacobs","14.472726995294744","11","7800","LV@NYJ","LV","NYJ","Q","Ankle","","",""
"52101-130288","RB","James","James Robinson","Robinson","16.636363636363637","11","7800","JAC@MIN","JAC","MIN","","","","",""
"52101-21948","QB","Ryan","Ryan Tannehill","Tannehill","20.183636752041902","11","7800","CLE@TEN","TEN","CLE","","","","",""
"52101-39716","WR","Adam","Adam Thielen","Thielen","15.860000610351562","10","7800","JAC@MIN","MIN","JAC","","","","",""
"52101-45565","QB","Taysom","Taysom Hill","Hill","7.561818209561435","11","7700","NO@ATL","NO","ATL","","","","",""
"52101-85671","WR","Justin","Justin Jefferson","Jefferson","14.163636641068893","11","7700","JAC@MIN","MIN","JAC","","","","",""
"52101-42028","WR","Will","Will Fuller V","Fuller V","14.763635808771307","11","7500","IND@HOU","HOU","IND","IR","Suspension","","",""
"52101-42104","RB","Alvin","Alvin Kamara","Kamara","20.827273282137785","11","7500","NO@ATL","NO","ATL","Q","Foot","","",""
"52101-6504","QB","Drew","Drew Brees","Brees","18.32666693793403","9","7500","NO@ATL","NO","ATL","IR","Ribs","","",""
"52101-14185","QB","Cam","Cam Newton","Newton","18.116000366210937","10","7500","NE@LAC","NE","LAC","Q","Abdomen","","",""
"52101-52442","RB","Joe","Joe Mixon","Mixon","14.84999974568685","6","7400","CIN@MIA","CIN","MIA","IR","Foot","","",""
"52101-6616","QB","Matt","Matt Ryan","Ryan","18.165455211292613","11","7400","NO@ATL","ATL","NO","","","","",""
"52101-7659","QB","Ryan","Ryan Fitzpatrick","Fitzpatrick","18.7450008392334","8","7400","CIN@MIA","MIA","CIN","","","","",""
"52101-72776","RB","Alexander","Alexander Mattison","Mattison","4.581818320534446","11","7300","JAC@MIN","MIN","JAC","","","","",""
"52101-22038","QB","Kirk","Kirk Cousins","Cousins","18.310908924449574","11","7300","JAC@MIN","MIN","JAC","","","","",""
"52101-70324","QB","Carson","Carson Wentz","Wentz","18.949091131036933","11","7300","PHI@GB","PHI","GB","","","","",""
"52101-71845","RB","Miles","Miles Sanders","Sanders","12.475000381469727","8","7200","PHI@GB","PHI","GB","","","","",""
"52101-38435","QB","Jared","Jared Goff","Goff","16.939999667080965","11","7200","LAR@ARI","LAR","ARI","","","","",""
"52101-45859","QB","Derek","Derek Carr","Carr","15.84000049937855","11","7200","LV@NYJ","LV","NYJ","","","","",""
"52101-28573","WR","Michael","Michael Thomas","Thomas","7.3","5","7200","NO@ATL","NO","ATL","Q","Ankle","","",""
"52101-63519","QB","Daniel","Daniel Jones","Jones","14.245454268022018","11","7100","NYG@SEA","NYG","SEA","Q","Hamstring","","",""
"52101-41535","QB","Baker","Baker Mayfield","Mayfield","13.719999833540482","11","7100","CLE@TEN","CLE","TEN","","","","",""
"52101-29685","WR","Robert","Robert Woods","Woods","13.62727217240767","11","7100","LAR@ARI","LAR","ARI","","","","",""
"52101-80001","RB","Austin","Austin Ekeler","Ekeler","12.016666412353516","6","7000","NE@LAC","LAC","NE","","","","",""
"52101-24849","QB","Jameis","Jameis Winston","Winston","1.25","2","7000","NO@ATL","NO","ATL","","","","",""
"52101-61798","QB","Gardner","Gardner Minshew II","Minshew II","19.41428484235491","7","7000","JAC@MIN","JAC","MIN","","","","",""
"52101-25011","TE","Darren","Darren Waller","Waller","10.381817904385654","11","7000","LV@NYJ","LV","NYJ","","","","",""
"52101-7968","QB","Philip","Philip Rivers","Rivers","15.80181884765625","11","7000","IND@HOU","IND","HOU","Q","Toe","","",""
"52101-54244","WR","Kenny","Kenny Golladay","Golladay","11.15999984741211","5","7000","DET@CHI","DET","CHI","Q","Hip","","",""
"52101-22027","QB","Nick","Nick Foles","Foles","14.047499656677246","8","6900","DET@CHI","CHI","DET","Q","Hip","","",""
"52101-38628","QB","Mitchell","Mitchell Trubisky","Trubisky","10.454285757882255","7","6900","DET@CHI","CHI","DET","","","","",""
"52101-69531","QB","Jalen","Jalen Hurts","Hurts","0.8577777544657389","9","6900","PHI@GB","PHI","GB","","","","",""
"52101-28643","WR","Allen","Allen Robinson II","Robinson II","13.48181845925071","11","6900","DET@CHI","CHI","DET","","","","",""
"52101-91598","RB","D'Andre","D'Andre Swift","Swift","12.455555386013454","9","6800","DET@CHI","DET","CHI","Q","Illness","","",""
"52101-33260","WR","DeVante","DeVante Parker","Parker","10.381817904385654","11","6800","CIN@MIA","MIA","CIN","","","","",""
"52101-6654","QB","Matthew","Matthew Stafford","Stafford","17.230908480557527","11","6800","DET@CHI","DET","CHI","Q","Thumb","","",""
"52101-25410","QB","Mike","Mike Glennon","Glennon","6","3","6800","JAC@MIN","JAC","MIN","","","","",""
"52101-90572","QB","Tua","Tua Tagovailoa","Tagovailoa","8.463333129882812","6","6700","CIN@MIA","MIA","CIN","Q","Thumb","","",""
"52101-79970","WR","Cooper","Cooper Kupp","Kupp","11.145454406738281","11","6600","LAR@ARI","LAR","ARI","","","","",""
"52101-30989","RB","Kenyan","Kenyan Drake","Drake","12.780000305175781","10","6600","LAR@ARI","ARI","LAR","","","","",""
"52101-40669","WR","Tyler","Tyler Boyd","Boyd","11.903636585582387","11","6600","CIN@MIA","CIN","MIA","","","","",""
"52101-30447","RB","Todd","Todd Gurley II","Gurley II","13.11999969482422","10","6600","NO@ATL","ATL","NO","Q","Knee","","",""
"52101-63589","QB","Sam","Sam Darnold","Darnold","9.297499656677246","8","6500","LV@NYJ","NYJ","LV","","","","",""
"52101-11500","QB","Colt","Colt McCoy","McCoy","0.9700000286102295","2","6500","NYG@SEA","NYG","SEA","","","","",""
"52101-29501","WR","Brandin","Brandin Cooks","Cooks","10.5363637750799","11","6500","IND@HOU","HOU","IND","","","","",""
"52101-63625","RB","Nyheim","Nyheim Hines","Hines","10.636363636363637","11","6400","IND@HOU","IND","HOU","","","","",""
"52101-89675","RB","Jonathan","Jonathan Taylor","Taylor","10.95","10","6400","IND@HOU","IND","HOU","","","","",""
"52101-52929","QB","Jake","Jake Luton","Luton","6.851999664306641","5","6400","JAC@MIN","JAC","MIN","","","","",""
"52101-89981","WR","Tee","Tee Higgins","Higgins","12.20999984741211","10","6400","CIN@MIA","CIN","MIA","","","","",""
"52101-45229","RB","Kareem","Kareem Hunt","Hunt","13.154545177112926","11","6300","CLE@TEN","CLE","TEN","Q","Thigh","","",""
"52101-57651","WR","Travis","Travis Fulgham","Fulgham","10.899999618530273","8","6300","PHI@GB","PHI","GB","","","","",""
"52101-6714","QB","Joe","Joe Flacco","Flacco","11.55199966430664","5","6300","LV@NYJ","NYJ","LV","","","","",""
"52101-52917","WR","DJ","DJ Chark Jr.","Chark Jr.","10.877777947319878","9","6300","JAC@MIN","JAC","MIN","Q","Ribs","","",""
"52101-46866","QB","Ryan","Ryan Finley","Finley","1.0499999523162842","2","6300","CIN@MIA","CIN","MIA","","","","",""
"52101-62497","RB","David","David Johnson","Johnson","10.862500190734863","8","6200","IND@HOU","HOU","IND","IR","Concussion","","",""
"52101-14377","QB","Tyrod","Tyrod Taylor","Taylor","4.510000228881836","2","6200","NE@LAC","LAC","NE","","","","",""
"52101-83074","TE","Dallas","Dallas Goedert","Goedert","8.350000381469727","8","6200","PHI@GB","PHI","GB","","","","",""
"52101-24755","WR","Jamison","Jamison Crowder","Crowder","11.585714067731585","7","6200","LV@NYJ","NYJ","LV","","","","",""
"52101-22994","QB","Case","Case Keenum","Keenum","1.840000033378601","1","6200","CLE@TEN","CLE","TEN","","","","",""
"52101-73273","RB","David","David Montgomery","Montgomery","11.819999694824219","10","6200","DET@CHI","CHI","DET","","","","",""
"52101-71706","TE","T.J.","T.J. Hockenson","Hockenson","9.772727272727273","11","6100","DET@CHI","DET","CHI","","","","",""
"52101-45439","WR","Corey","Corey Davis","Davis","11.211111280653212","9","6100","CLE@TEN","TEN","CLE","","","","",""
"52101-60947","QB","Jarrett","Jarrett Stidham","Stidham","2.18666664759318","3","6100","NE@LAC","NE","LAC","","","","",""
"52101-7872","QB","Brian","Brian Hoyer","Hoyer","1.5","2","6100","NE@LAC","NE","LAC","","","","",""
"52101-39818","RB","Wayne","Wayne Gallman Jr.","Gallman Jr.","8.80999984741211","10","6100","NYG@SEA","NYG","SEA","","","","",""
"52101-24607","QB","Chad","Chad Kelly","Kelly","0","1","6000","IND@HOU","IND","HOU","","","","",""
"52101-71710","QB","Nate","Nate Stanley","Stanley","0","0","6000","JAC@MIN","MIN","JAC","","","","",""
"52101-30761","QB","Nathan","Nathan Peterman","Peterman","1.899999976158142","1","6000","LV@NYJ","LV","NYJ","","","","",""
"52101-30788","QB","Tyler","Tyler Bray","Bray","0.24000000953674316","3","6000","DET@CHI","CHI","DET","","","","",""
"52101-71798","QB","Anthony","Anthony Gordon","Gordon","0","1","6000","NYG@SEA","SEA","NYG","","","","",""
"52101-39034","QB","Kurt","Kurt Benkert","Benkert","0","1","6000","NO@ATL","ATL","NO","","","","",""
"52101-64637","QB","Brian","Brian Lewerke","Lewerke","0","1","6000","NE@LAC","NE","LAC","","","","",""
"52101-83079","QB","Kyle","Kyle Lauletta","Lauletta","0","0","6000","CLE@TEN","CLE","TEN","","","","",""
"52101-69769","QB","Darius","Darius Bradwell","Bradwell","0","1","6000","NE@LAC","LAC","NE","","","","",""
"52101-52369","QB","Manny","Manny Wilkins","Wilkins","0","0","6000","PHI@GB","GB","PHI","","","","",""
"52101-27801","QB","Nate","Nate Sudfeld","Sudfeld","0","1","6000","PHI@GB","PHI","GB","","","","",""
"52101-57537","QB","DeShone","DeShone Kizer","Kizer","0","0","6000","CLE@TEN","TEN","CLE","","","","",""
"52101-45259","QB","Logan","Logan Woodside","Woodside","-0.10999999940395355","2","6000","CLE@TEN","TEN","CLE","","","","",""
"52101-29915","QB","Brett","Brett Hundley","Hundley","0","2","6000","LAR@ARI","ARI","LAR","","","","",""
"52101-130269","QB","Reid","Reid Sinnett","Sinnett","0","1","6000","CIN@MIA","MIA","CIN","","","","",""
"52101-54507","QB","Alex","Alex McGough","McGough","0","0","6000","IND@HOU","HOU","IND","","","","",""
"52101-25837","RB","Duke","Duke Johnson","Johnson","6.3666665818956165","9","6000","IND@HOU","HOU","IND","","","","",""
"52101-130304","QB","Kevin","Kevin Davidson","Davidson","0","1","6000","CLE@TEN","CLE","TEN","","","","",""
"52101-130334","QB","Jalen","Jalen Morton","Morton","0","0","6000","PHI@GB","GB","PHI","","","","",""
"52101-130337","QB","Case","Case Cookus","Cookus","0","1","6000","NYG@SEA","NYG","SEA","","","","",""
"52101-31047","QB","AJ","AJ McCarron","McCarron","8.949999809265137","2","6000","IND@HOU","HOU","IND","","","","",""
"52101-27982","QB","Jake","Jake Rudock","Rudock","0","1","6000","CIN@MIA","MIA","CIN","","","","",""
"52101-60787","QB","Bryce","Bryce Perkins","Perkins","0","2","6000","LAR@ARI","LAR","ARI","","","","",""
"52101-52606","QB","David","David Blough","Blough","0","1","6000","DET@CHI","DET","CHI","","","","",""
"52101-103824","QB","Easton","Easton Stick","Stick","-0.03999999910593033","1","6000","NE@LAC","LAC","NE","","","","",""
"52101-69017","QB","Jordan","Jordan Love","Love","0","0","6000","PHI@GB","GB","PHI","","","","",""
"52101-60840","QB","Jake","Jake Browning","Browning","0","0","6000","JAC@MIN","MIN","JAC","","","","",""
"52101-63920","QB","Josh","Josh Love","Love","0","2","6000","LAR@ARI","LAR","ARI","","","","",""
"52101-31170","QB","Brandon","Brandon Allen","Allen","3.569999933242798","2","6000","CIN@MIA","CIN","MIA","","","","",""
"52101-62945","QB","Nick","Nick Tiano","Tiano","0","0","6000","IND@HOU","HOU","IND","","","","",""
"52101-69132","QB","Khalil","Khalil Tate","Tate","0","1","6000","PHI@GB","PHI","GB","","","","",""
"52101-6679","QB","Matt","Matt Schaub","Schaub","-0.20000000298023224","2","6000","NO@ATL","ATL","NO","","","","",""
"52101-30231","QB","Jacoby","Jacoby Brissett","Brissett","2.8685714176722934","7","6000","IND@HOU","IND","HOU","","","","",""
"52101-40482","QB","Tim","Tim Boyle","Boyle","-0.08571428912026542","7","6000","PHI@GB","GB","PHI","","","","",""
"52101-23075","QB","Alex","Alex Tanney","Tanney","0","1","6000","NYG@SEA","NYG","SEA","","","","",""
"52101-22103","WR","Marvin","Marvin Jones Jr.","Jones Jr.","9.254545731977982","11","6000","DET@CHI","DET","CHI","","","","",""
"52101-8803","QB","Chase","Chase Daniel","Daniel","3.630000114440918","2","6000","DET@CHI","DET","CHI","","","","",""
"52101-6803","QB","Josh","Josh McCown","McCown","0","1","6000","IND@HOU","HOU","IND","","","","",""
"52101-39580","RB","Devontae","Devontae Booker","Booker","6.25","10","6000","LV@NYJ","LV","NYJ","","","","",""
"52101-31394","WR","Jarvis","Jarvis Landry","Landry","8.849090576171875","11","6000","CLE@TEN","CLE","TEN","","","","",""
"52101-29358","QB","Marcus","Marcus Mariota","Mariota","12.43142809186663","7","6000","LV@NYJ","LV","NYJ","","","","",""
"52101-69333","QB","Jacob","Jacob Eason","Eason","0","1","6000","IND@HOU","IND","HOU","","","","",""
"52101-29445","QB","Sean","Sean Mannion","Mannion","0.18000000715255737","3","6000","JAC@MIN","MIN","JAC","","","","",""
"52101-28434","QB","Trevor","Trevor Siemian","Siemian","0.11999999731779099","1","6000","NO@ATL","NO","ATL","","","","",""
"52101-61253","QB","J'mar","J'mar Smith","Smith","0","1","6000","NE@LAC","NE","LAC","","","","",""
"52101-104281","QB","Jake","Jake Dolegala","Dolegala","0","1","6000","NE@LAC","NE","LAC","","","","",""
"52101-61276","QB","James","James Morgan","Morgan","0","1","6000","LV@NYJ","NYJ","LV","","","","",""
"52101-63336","QB","Joe","Joe Burrow","Burrow","17.87200012207031","10","6000","CIN@MIA","CIN","MIA","IR","Knee - acl + mcl","","",""
"52101-55148","QB","Clayton","Clayton Thorson","Thorson","0","1","6000","NYG@SEA","NYG","SEA","","","","",""
"52101-38767","QB","Chris","Chris Streveler","Streveler","0.10000000397364299","3","6000","LAR@ARI","ARI","LAR","","","","",""
"52101-26483","QB","Geno","Geno Smith","Smith","0","1","6000","NYG@SEA","SEA","NYG","","","","",""
"52101-56192","QB","John","John Wolford","Wolford","0","2","6000","LAR@ARI","LAR","ARI","","","","",""
"52101-40845","TE","Hunter","Hunter Henry","Henry","8.381817904385654","11","6000","NE@LAC","LAC","NE","","","","",""
"52101-41872","TE","Evan","Evan Engram","Engram","7.427272449840199","11","6000","NYG@SEA","NYG","SEA","","","","",""
"52101-43956","QB","David","David Fales","Fales","0","1","6000","LV@NYJ","NYJ","LV","","","","",""
"52101-38837","QB","Danny","Danny Etling","Etling","0","1","6000","NYG@SEA","SEA","NYG","","","","",""
"52101-72640","QB","Cole","Cole McDonald","McDonald","0","0","6000","CLE@TEN","TEN","CLE","","","","",""
"52101-64576","RB","Damien","Damien Harris","Harris","9.162500381469727","8","5900","NE@LAC","NE","LAC","","","","",""
"52101-63634","WR","Jakobi","Jakobi Meyers","Meyers","8.682499885559082","8","5900","NE@LAC","NE","LAC","","","","",""
"52101-80353","TE","Robert","Robert Tonyan","Tonyan","10.63000030517578","10","5900","PHI@GB","GB","PHI","","","","",""
"52101-34295","WR","Breshad","Breshad Perriman","Perriman","9.17142813546317","7","5900","LV@NYJ","NYJ","LV","Q","Shoulder","","",""
"52101-60858","WR","Christian","Christian Kirk","Kirk","10.29000015258789","10","5800","LAR@ARI","ARI","LAR","","","","",""
"52101-34331","RB","Latavius","Latavius Murray","Murray","9.0727275501598","11","5800","NO@ATL","NO","ATL","","","","",""
"52101-25290","RB","Giovani","Giovani Bernard","Bernard","8.127272865988992","11","5800","CIN@MIA","CIN","MIA","","","","",""
"52101-54010","RB","Brian","Brian Hill","Hill","4.972727342085405","11","5800","NO@ATL","ATL","NO","","","","",""
"52101-39829","WR","Mike","Mike Williams","Williams","9.3","10","5800","NE@LAC","LAC","NE","","","","",""
"52101-29780","TE","Zach","Zach Ertz","Ertz","6.299999872843425","6","5700","PHI@GB","PHI","GB","Q","Ankle","","",""
"52101-28930","RB","James","James White","White","7.155555725097656","9","5700","NE@LAC","NE","LAC","","","","",""
"52101-63819","WR","Darius","Darius Slayton","Slayton","8.48181845925071","11","5700","NYG@SEA","NYG","SEA","Q","Shoulder","","",""
"52101-43433","RB","Boston","Boston Scott","Scott","6.199999722567472","11","5700","PHI@GB","PHI","GB","","","","",""
"52101-40647","WR","Marquez","Marquez Valdes-Scantling","Valdes-Scantling","8.759999847412109","10","5700","PHI@GB","GB","PHI","","","","",""
"52101-28473","RB","Carlos","Carlos Hyde","Hyde","8.549999872843424","6","5700","NYG@SEA","SEA","NYG","Q","Toe","","",""
"52101-56265","TE","Mike","Mike Gesicki","Gesicki","7.081818320534446","11","5700","CIN@MIA","MIA","CIN","","","","",""
"52101-48116","TE","Jonnu","Jonnu Smith","Smith","9.69000015258789","10","5700","CLE@TEN","TEN","CLE","Q","Undisclosed","","",""
"52101-89230","RB","Cam","Cam Akers","Akers","4.966666751437717","9","5600","LAR@ARI","LAR","ARI","","","","",""
"52101-56809","WR","Allen","Allen Lazard","Lazard","11.740000152587891","5","5600","PHI@GB","GB","PHI","Q","Abdomen","","",""
"52101-70157","RB","Darrell","Darrell Henderson Jr.","Henderson Jr.","9.127272865988992","11","5600","LAR@ARI","LAR","ARI","","","","",""
"52101-22031","WR","T.Y.","T.Y. Hilton","Hilton","6.329999923706055","10","5600","IND@HOU","IND","HOU","","","","",""
"52101-64031","TE","Hayden","Hayden Hurst","Hurst","7.672727411443537","11","5600","NO@ATL","ATL","NO","Q","Ankle","","",""
"52101-6703","RB","Adrian","Adrian Peterson","Peterson","7.427272449840199","11","5600","DET@CHI","DET","CHI","","","","",""
"52101-69213","WR","Michael","Michael Pittman Jr.","Pittman Jr.","6.011110941569011","9","5600","IND@HOU","IND","HOU","","","","",""
"52101-86780","RB","Salvon","Salvon Ahmed","Ahmed","7.300000190734863","4","5600","CIN@MIA","MIA","CIN","Q","Shoulder","","",""
"52101-27477","WR","Sterling","Sterling Shepard","Shepard","8.149999618530273","8","5600","NYG@SEA","NYG","SEA","Q","Toe","","",""
"52101-30733","WR","Cordarrelle","Cordarrelle Patterson","Patterson","3.6818181818181817","11","5500","DET@CHI","CHI","DET","","","","",""
"52101-83081","RB","Chase","Chase Edmonds","Edmonds","9.954545454545455","11","5500","LAR@ARI","ARI","LAR","","","","",""
"52101-55689","RB","Ito","Ito Smith","Smith","2.7899999618530273","10","5500","NO@ATL","ATL","NO","","","","",""
"52101-94625","WR","Jalen","Jalen Reagor","Reagor","5.757142748151507","7","5500","PHI@GB","PHI","GB","","","","",""
"52101-60930","RB","Myles","Myles Gaskin","Gaskin","11.928571428571429","7","5500","CIN@MIA","MIA","CIN","IR","Knee - mcl","","",""
"52101-7761","TE","Jared","Jared Cook","Cook","6.15","10","5500","NO@ATL","NO","ATL","","","","",""
"52101-30297","TE","Trey","Trey Burton","Burton","7.887499809265137","8","5500","IND@HOU","IND","HOU","","","","",""
"52101-7859","WR","Julian","Julian Edelman","Edelman","7.6200002034505205","6","5500","NE@LAC","NE","LAC","IR","Knee","","",""
"52101-72453","WR","Denzel","Denzel Mims","Mims","6.150000254313151","6","5500","LV@NYJ","NYJ","LV","","","","",""
"52101-53097","WR","Josh","Josh Reynolds","Reynolds","7.072727550159801","11","5500","LAR@ARI","LAR","ARI","","","","",""
"52101-41867","RB","Jordan","Jordan Wilkins","Wilkins","5.1299999237060545","10","5500","IND@HOU","IND","HOU","","","","",""
"52101-11512","TE","Jimmy","Jimmy Graham","Graham","7.490909229625355","11","5400","DET@CHI","CHI","DET","","","","",""
"52101-90537","WR","Henry","Henry Ruggs III","Ruggs III","5.5444446139865455","9","5400","LV@NYJ","LV","NYJ","","","","",""
"52101-22037","RB","Lamar","Lamar Miller","Miller","0.5333333412806193","3","5400","DET@CHI","CHI","DET","","","","",""
"52101-57986","WR","Hunter","Hunter Renfrow","Renfrow","7.44545468417081","11","5400","LV@NYJ","LV","NYJ","","","","",""
"52101-71367","RB","La'Mical","La'Mical Perine","Perine","4.677777608235677","9","5400","LV@NYJ","NYJ","LV","IR","Ankle","","",""
"52101-45791","WR","Rashard","Rashard Higgins","Higgins","6.5","8","5400","CLE@TEN","CLE","TEN","","","","",""
"52101-32613","RB","DeAndre","DeAndre Washington","Washington","2.7999998728434243","3","5400","CIN@MIA","MIA","CIN","Q","Hamstring","","",""
"52101-29683","WR","Nelson","Nelson Agholor","Agholor","9.10909063165838","11","5400","LV@NYJ","LV","NYJ","Q","Ankle","","",""
"52101-53303","RB","Matt","Matt Breida","Breida","3.211111068725586","9","5300","CIN@MIA","MIA","CIN","","","","",""
"52101-79998","WR","Keelan","Keelan Cole Sr.","Cole Sr.","9.0363637750799","11","5300","JAC@MIN","JAC","MIN","","","","",""
"52101-40126","TE","Austin","Austin Hooper","Hooper","5.8000000847710504","9","5300","CLE@TEN","CLE","TEN","","","","",""
"52101-11505","WR","Emmanuel","Emmanuel Sanders","Sanders","8.633332994249132","9","5300","NO@ATL","NO","ATL","","","","",""
"52101-53640","RB","Sony","Sony Michel","Michel","6.650000095367432","4","5300","NE@LAC","NE","LAC","","","","",""
"52101-6840","RB","Frank","Frank Gore","Gore","6.509090770374645","11","5300","LV@NYJ","NYJ","LV","","","","",""
"52101-43912","WR","Chad","Chad Beebe","Beebe","3.3714286259242465","7","5300","JAC@MIN","MIN","JAC","","","","",""
"52101-30678","WR","Damiere","Damiere Byrd","Byrd","7.480000305175781","10","5300","NE@LAC","NE","LAC","","","","",""
"52101-11485","WR","Golden","Golden Tate","Tate","6.368888854980469","9","5200","NYG@SEA","NYG","SEA","","","","",""
"52101-63806","RB","Kerryon","Kerryon Johnson","Johnson","4.970000076293945","10","5200","DET@CHI","DET","CHI","","","","",""
"52101-32234","RB","Malcolm","Malcolm Brown","Brown","7.872727134011009","11","5200","LAR@ARI","LAR","ARI","","","","",""
"52101-45631","RB","Jamaal","Jamaal Williams","Williams","9.759999847412109","10","5200","PHI@GB","GB","PHI","","","","",""
"52101-29314","TE","Richard","Richard Rodgers","Rodgers","7.3125","8","5200","PHI@GB","PHI","GB","","","","",""
"52101-52916","WR","Russell","Russell Gage","Gage","6.854545593261719","11","5200","NO@ATL","ATL","NO","","","","",""
"52101-91872","RB","Joshua","Joshua Kelley","Kelley","6.145454406738281","11","5200","NE@LAC","LAC","NE","","","","",""
"52101-87859","WR","Laviska","Laviska Shenault Jr.","Shenault Jr.","7.100000169542101","9","5200","JAC@MIN","JAC","MIN","","","","",""
"52101-14187","WR","A.J.","A.J. Green","Green","5.3818182511763135","11","5200","CIN@MIA","CIN","MIA","","","","",""
"52101-14257","WR","Randall","Randall Cobb","Cobb","8.109999847412109","10","5200","IND@HOU","HOU","IND","IR","Toe","","",""
"52101-57338","TE","Jordan","Jordan Akins","Akins","5.612500190734863","8","5200","IND@HOU","HOU","IND","","","","",""
"52101-69777","WR","Darnell","Darnell Mooney","Mooney","6.381817904385653","11","5100","DET@CHI","CHI","DET","","","","",""
"52101-52371","RB","Kalen","Kalen Ballage","Ballage","7.314285823277065","7","5100","NE@LAC","LAC","NE","Q","Ankle","","",""
"52101-69168","WR","N'Keal","N'Keal Harry","Harry","4.662499904632568","8","5100","NE@LAC","NE","LAC","","","","",""
"52101-47870","TE","Tyler","Tyler Higbee","Higbee","6.01818154074929","11","5100","LAR@ARI","LAR","ARI","","","","",""
"52101-40843","RB","Alex","Alex Collins","Collins","5.849999904632568","2","5100","NYG@SEA","SEA","NYG","","","","",""
"52101-79987","WR","David","David Moore","Moore","7.390909368341619","11","5000","NYG@SEA","SEA","NYG","","","","",""
"52101-69836","WR","Collin","Collin Johnson","Johnson","4.25","8","5000","JAC@MIN","JAC","MIN","","","","",""
"52101-24920","RB","Devonta","Devonta Freeman","Freeman","6.5","5","5000","NYG@SEA","NYG","SEA","IR","Ankle","","",""
"52101-23194","WR","Josh","Josh Gordon","Gordon","0","1","5000","NYG@SEA","SEA","NYG","IR","Undisclosed","","",""
"52101-6883","WR","Larry","Larry Fitzgerald","Fitzgerald","5.509999847412109","10","5000","LAR@ARI","ARI","LAR","IR","Illness","","",""
"52101-56064","RB","Bo","Bo Scarbrough","Scarbrough","1.5499999523162842","2","5000","NYG@SEA","SEA","NYG","","","","",""
"52101-55165","RB","Justin","Justin Jackson","Jackson","7.819999694824219","5","5000","NE@LAC","LAC","NE","IR","Knee","","",""
"52101-14237","TE","Kyle","Kyle Rudolph","Rudolph","4.672727411443537","11","5000","JAC@MIN","MIN","JAC","","","","",""
"52101-8117","WR","Danny","Danny Amendola","Amendola","6.144444359673394","9","5000","DET@CHI","DET","CHI","Q","Hip","","",""
"52101-14339","RB","Dion","Dion Lewis","Lewis","3.3363637057217685","11","4900","NYG@SEA","NYG","SEA","","","","",""
"52101-72725","TE","Irv","Irv Smith Jr.","Smith Jr.","4.962500095367432","8","4900","JAC@MIN","MIN","JAC","Q","Back","","",""
"52101-55366","RB","Qadree","Qadree Ollison","Ollison","0.30000001192092896","1","4900","NO@ATL","ATL","NO","","","","",""
"52101-24671","WR","Adam","Adam Humphries","Humphries","7.483333587646484","6","4900","CLE@TEN","TEN","CLE","Q","Concussion","","",""
"52101-12539","D","Miami","Miami Dolphins","Dolphins","9.454545454545455","11","4900","CIN@MIA","MIA","CIN","","","","",""
"52101-29949","WR","Marvin","Marvin Hall","Hall","4.959999847412109","10","4900","DET@CHI","DET","CHI","","","","",""
"52101-64843","WR","Jalen","Jalen Guyton","Guyton","5.427272796630859","11","4900","NE@LAC","LAC","NE","","","","",""
"52101-40434","WR","Greg","Greg Ward","Ward","6.318181818181818","11","4900","PHI@GB","PHI","GB","","","","",""
"52101-62967","WR","Preston","Preston Williams","Williams","8.225000381469727","8","4900","CIN@MIA","MIA","CIN","IR","Foot","","",""
"52101-22018","WR","Mohamed","Mohamed Sanu","Sanu","4.866666793823242","3","4900","DET@CHI","DET","CHI","","","","",""
"52101-33472","RB","C.J.","C.J. Prosise","Prosise","2.125","4","4900","IND@HOU","HOU","IND","Q","Illness","","",""
"52101-54007","TE","Jacob","Jacob Hollister","Hollister","3.211111068725586","9","4900","NYG@SEA","SEA","NYG","","","","",""
"52101-94087","RB","DeeJay","DeeJay Dallas","Dallas","6.514285496303013","7","4900","NYG@SEA","SEA","NYG","","","","",""
"52101-39859","TE","Jack","Jack Doyle","Doyle","4.050000190734863","8","4900","IND@HOU","IND","HOU","","","","",""
"52101-41936","WR","Anthony","Anthony Miller","Miller","6.099999861283735","11","4900","DET@CHI","CHI","DET","","","","",""
"52101-64496","WR","Olamide","Olamide Zaccheaus","Zaccheaus","4.340000152587891","10","4900","NO@ATL","ATL","NO","IR","Toe","","",""
"52101-64581","WR","Van","Van Jefferson Jr.","Jefferson Jr.","2.855555640326606","9","4800","LAR@ARI","LAR","ARI","","","","",""
"52101-53390","WR","Zach","Zach Pascal","Pascal","6.245454268022017","11","4800","IND@HOU","IND","HOU","","","","",""
"52101-12542","D","New Orleans","New Orleans Saints","Saints","8.454545454545455","11","4800","NO@ATL","NO","ATL","","","","",""
"52101-60705","WR","Tyron","Tyron Johnson","Johnson","5.366666793823242","6","4800","NE@LAC","LAC","NE","","","","",""
"52101-38301","TE","Darren","Darren Fells","Fells","6.111111111111111","9","4800","IND@HOU","HOU","IND","","","","",""
"52101-21980","WR","Alshon","Alshon Jeffery","Jeffery","0.625","4","4800","PHI@GB","PHI","GB","","","","",""
"52101-55830","RB","D'Onta","D'Onta Foreman","Foreman","3.3","5","4800","CLE@TEN","TEN","CLE","","","","",""
"52101-63050","RB","Ty","Ty Johnson","Johnson","1.8999999364217122","6","4800","LV@NYJ","NYJ","LV","","","","",""
"52101-55941","RB","Patrick","Patrick Laird","Laird","1.1333333651224773","6","4800","CIN@MIA","MIA","CIN","","","","",""
"52101-57064","RB","Ryan","Ryan Nall","Nall","2.0875000953674316","8","4800","DET@CHI","CHI","DET","","","","",""
"52101-104176","WR","Deonte","Deonte Harris","Harris","4.188888973659939","9","4800","NO@ATL","NO","ATL","Q","Neck","","",""
"52101-64242","WR","Keke","Keke Coutee","Coutee","4.266666730244954","3","4800","IND@HOU","HOU","IND","","","","",""
"52101-63360","WR","Antonio","Antonio Callaway","Callaway","1","3","4800","CIN@MIA","MIA","CIN","","","","",""
"52101-93107","RB","AJ","AJ Dillon","Dillon","1.9666666984558105","6","4800","PHI@GB","GB","PHI","IR","Illness","","",""
"52101-63419","WR","Andy","Andy Isabella","Isabella","4.259999847412109","10","4800","LAR@ARI","ARI","LAR","","","","",""
"52101-32703","WR","Jakeem","Jakeem Grant","Grant","4.781818043101918","11","4800","CIN@MIA","MIA","CIN","","","","",""
"52101-57299","TE","Gerald","Gerald Everett","Everett","5.4","10","4800","LAR@ARI","LAR","ARI","","","","",""
"52101-24533","TE","Mo","Mo Alie-Cox","Alie-Cox","4.98181811246005","11","4800","IND@HOU","IND","HOU","","","","",""
"52101-57342","WR","Tre'Quan","Tre'Quan Smith","Smith","6.3599998474121096","10","4800","NO@ATL","NO","ATL","","","","",""
"52101-55335","TE","David","David Njoku","Njoku","4.366666793823242","6","4700","CLE@TEN","CLE","TEN","","","","",""
"52101-52345","WR","Brandon","Brandon Powell","Powell","1.8727273074063389","11","4700","NO@ATL","ATL","NO","","","","",""
"52101-61631","WR","Olabisi","Olabisi Johnson","Johnson","3.7285714830671037","7","4700","JAC@MIN","MIN","JAC","","","","",""
"52101-12550","D","Seattle","Seattle Seahawks","Seahawks","5.545454545454546","11","4700","NYG@SEA","SEA","NYG","","","","",""
"52101-52495","WR","Braxton","Braxton Berrios","Berrios","4.759999847412109","10","4700","LV@NYJ","NYJ","LV","","","","",""
"52101-71957","WR","Quintez","Quintez Cephus","Cephus","3.3428570883614674","7","4700","DET@CHI","DET","CHI","Q","Undisclosed","","",""
"52101-56648","RB","Jeremy","Jeremy McNichols","McNichols","2.290909160267223","11","4700","CLE@TEN","TEN","CLE","","","","",""
"52101-41305","WR","Zay","Zay Jones","Jones","3.2571427481515065","7","4700","LV@NYJ","LV","NYJ","","","","",""
"52101-22113","RB","Alfred","Alfred Morris","Morris","2.9200000762939453","5","4700","NYG@SEA","NYG","SEA","","","","",""
"52101-69276","WR","Bryan","Bryan Edwards","Edwards","2.8500000635782876","6","4700","LV@NYJ","LV","NYJ","","","","",""
"52101-69303","WR","Freddie","Freddie Swain","Swain","3.049999952316284","8","4700","NYG@SEA","SEA","NYG","","","","",""
"52101-30403","WR","Chris","Chris Conley","Conley","5.270000076293945","10","4700","JAC@MIN","JAC","MIN","Q","Hip","","",""
"52101-33557","TE","Tyler","Tyler Eifert","Eifert","3.9454546841708096","11","4700","JAC@MIN","JAC","MIN","","","","",""
"52101-40758","RB","Corey","Corey Clement","Clement","2.1500000953674316","8","4700","PHI@GB","PHI","GB","","","","",""
"52101-27457","WR","Kenny","Kenny Stills","Stills","3.6999999455043246","7","4700","IND@HOU","HOU","IND","","","","",""
"52101-57208","WR","KeeSean","KeeSean Johnson","Johnson","1.1199999809265138","5","4700","LAR@ARI","ARI","LAR","","","","",""
"52101-72676","RB","Troymaine","Troymaine Pope","Pope","3.950000047683716","4","4700","NE@LAC","LAC","NE","","","","",""
"52101-56356","WR","Isaiah","Isaiah Ford","Ford","3.914285659790039","7","4600","NE@LAC","NE","LAC","","","","",""
"52101-29734","RB","Ty","Ty Montgomery","Montgomery","1.5499999523162842","2","4600","NO@ATL","NO","ATL","Q","Hamstring","","",""
"52101-68685","WR","Austin","Austin Mack","Mack","3.7333332697550454","3","4600","NYG@SEA","NYG","SEA","","","","",""
"52101-79979","WR","Jamal","Jamal Agnew","Agnew","1.2000000211927626","9","4600","DET@CHI","DET","CHI","","","","",""
"52101-57543","RB","D'Ernest","D'Ernest Johnson","Johnson","1.788888931274414","9","4600","CLE@TEN","CLE","TEN","","","","",""
"52101-52451","RB","Samaje","Samaje Perine","Perine","2.8999998910086497","7","4600","CIN@MIA","CIN","MIA","","","","",""
"52101-12535","D","Indianapolis","Indianapolis Colts","Colts","9.272727272727273","11","4600","IND@HOU","IND","HOU","","","","",""
"52101-56580","WR","Christian","Christian Blake","Blake","2.8857143947056363","7","4600","NO@ATL","ATL","NO","","","","",""
"52101-91426","WR","Donovan","Donovan Peoples-Jones","Peoples-Jones","1.962499976158142","8","4600","CLE@TEN","CLE","TEN","","","","",""
"52101-89384","WR","DeMichael","DeMichael Harris","Harris","3.5599998474121093","5","4600","IND@HOU","IND","HOU","","","","",""
"52101-24891","RB","Chris","Chris Thompson","Thompson","4.657142639160156","7","4600","JAC@MIN","JAC","MIN","IR","Back","","",""
"52101-85306","WR","KhaDarel","KhaDarel Hodge","Hodge","2.857142857142857","7","4600","CLE@TEN","CLE","TEN","Q","Hamstring","","",""
"52101-64907","WR","JJ","JJ Arcega-Whiteside","Arcega-Whiteside","3.375","4","4600","PHI@GB","PHI","GB","","","","",""
"52101-80294","TE","Anthony","Anthony Firkser","Firkser","4.8700000762939455","10","4600","CLE@TEN","TEN","CLE","","","","",""
"52101-32235","WR","Marcus","Marcus Johnson","Johnson","4.642857142857143","7","4600","IND@HOU","IND","HOU","","","","",""
"52101-71246","WR","Marquez","Marquez Callaway","Callaway","3.5166667302449546","6","4600","NO@ATL","NO","ATL","Q","Knee","","",""
"52101-61060","RB","Devine","Devine Ozigbo","Ozigbo","0.6666666666666666","3","4600","JAC@MIN","JAC","MIN","","","","",""
"52101-80546","TE","Dan","Dan Arnold","Arnold","3.75","10","4600","LAR@ARI","ARI","LAR","Q","Knee","","",""
"52101-25267","WR","Mack","Mack Hollins","Hollins","2.0833333333333335","6","4600","CIN@MIA","MIA","CIN","","","","",""
"52101-72370","RB","J.J.","J.J. Taylor","Taylor","1.975000023841858","4","4600","NE@LAC","NE","LAC","Q","Quadriceps","","",""
"52101-58041","RB","Mike","Mike Boone","Boone","0.9666666984558105","3","4600","JAC@MIN","MIN","JAC","","","","",""
"52101-104124","WR","Darrius","Darrius Shepherd","Shepherd","0.7285714149475098","7","4600","PHI@GB","GB","PHI","","","","",""
"52101-71359","WR","Javon","Javon Wims","Wims","2","6","4600","DET@CHI","CHI","DET","","","","",""
"52101-70383","RB","Darrynton","Darrynton Evans","Evans","1.0499999523162842","2","4600","CLE@TEN","TEN","CLE","IR","Hamstring","","",""
"52101-71444","RB","Travis","Travis Homer","Homer","3.144444359673394","9","4600","NYG@SEA","SEA","NYG","Q","Wrist","","",""
"52101-70422","WR","Kalif","Kalif Raymond","Raymond","2.2899999618530273","10","4600","CLE@TEN","TEN","CLE","","","","",""
"52101-64350","WR","Jeff","Jeff Smith","Smith","3.328571319580078","7","4600","LV@NYJ","NYJ","LV","","","","",""
"52101-104289","WR","Malik","Malik Taylor","Taylor","2.3500000635782876","6","4600","PHI@GB","GB","PHI","","","","",""
"52101-64389","WR","Nick","Nick Westbrook-Ikhine","Westbrook-Ikhine","0.8800000190734864","5","4600","CLE@TEN","TEN","CLE","","","","",""
"52101-43961","RB","Tyler","Tyler Ervin","Ervin","2.942857197352818","7","4600","PHI@GB","GB","PHI","Q","Ribs","","",""
"52101-63494","WR","Kemah","Kemah Siverand","Siverand","0","1","4500","LV@NYJ","LV","NYJ","","","","",""
"52101-92168","WR","Damion","Damion Willis","Willis","0","1","4500","CIN@MIA","CIN","MIA","","","","",""
"52101-24589","WR","Jaron","Jaron Brown","Brown","0","2","4500","LAR@ARI","ARI","LAR","","","","",""
"52101-72718","RB","Benny","Benny LeMay","LeMay","0","1","4500","CLE@TEN","CLE","TEN","","","","",""
"52101-14358","WR","Dwayne","Dwayne Harris","Harris","-0.6666666666666666","3","4500","DET@CHI","CHI","DET","IR","Triceps","","",""
"52101-65559","RB","Bobby","Bobby Holly","Holly","0","1","4500","NE@LAC","LAC","NE","","","","",""
"52101-69655","WR","Stephen","Stephen Sullivan","Sullivan","0","1","4500","NYG@SEA","SEA","NYG","","","","",""
"52101-55336","TE","Chris","Chris Herndon","Herndon","2.5888888041178384","9","4500","LV@NYJ","NYJ","LV","","","","",""
"52101-71732","WR","Seth","Seth Dawkins","Dawkins","0","1","4500","NYG@SEA","SEA","NYG","","","","",""
"52101-63550","WR","Isaiah","Isaiah Zuber","Zuber","1.5","4","4500","NE@LAC","NE","LAC","","","","",""
"52101-63554","WR","Dalton","Dalton Schoen","Schoen","0","1","4500","NE@LAC","LAC","NE","","","","",""
"52101-14406","RB","Bruce","Bruce Miller","Miller","0.17499999701976776","4","4500","JAC@MIN","JAC","MIN","","","","",""
"52101-62535","WR","Tyrell","Tyrell Williams","Williams","9.392307574932392","13","4500","LV@NYJ","LV","NYJ","IR","Shoulder - labrum","","",""
"52101-64588","WR","DaMarkus","DaMarkus Lodge","Lodge","0","1","4500","CIN@MIA","CIN","MIA","","","","",""
"52101-71756","WR","Aaron","Aaron Fuller","Fuller","0","1","4500","NYG@SEA","SEA","NYG","","","","",""
"52101-41042","WR","Marcell","Marcell Ateman","Ateman","3.0250000953674316","4","4500","LV@NYJ","LV","NYJ","","","","",""
"52101-87122","WR","Lynn","Lynn Bowden Jr.","Bowden Jr.","0.25999999046325684","5","4500","CIN@MIA","MIA","CIN","","","","",""
"52101-57432","WR","Cameron","Cameron Batson","Batson","2.2333332697550454","6","4500","CLE@TEN","TEN","CLE","","","","",""
"52101-63576","WR","Kirk","Kirk Merritt","Merritt","0","1","4500","CIN@MIA","MIA","CIN","","","","",""
"52101-70749","WR","Ryan","Ryan Becker","Becker","0","2","4500","LAR@ARI","ARI","LAR","","","","",""
"52101-79967","TE","Adam","Adam Shaheen","Shaheen","3.737499952316284","8","4500","CIN@MIA","MIA","CIN","","","","",""
"52101-71783","WR","Sean","Sean Riley","Riley","0","1","4500","NE@LAC","NE","LAC","","","","",""
"52101-79974","RB","Tarik","Tarik Cohen","Cohen","2.9","5","4500","DET@CHI","CHI","DET","IR","Knee - acl","","",""
"52101-61555","WR","David","David Sills","Sills","0","1","4500","NYG@SEA","NYG","SEA","IR","Foot","","",""
"52101-63603","WR","Jared","Jared Pinkney","Pinkney","0","1","4500","NO@ATL","ATL","NO","","","","",""
"52101-64627","WR","Scotty","Scotty Washington","Washington","0","1","4500","CIN@MIA","CIN","MIA","","","","",""
"52101-55414","WR","Cody","Cody Thompson","Thompson","0","1","4500","NYG@SEA","SEA","NYG","","","","",""
"52101-88186","WR","JoJo","JoJo Ward","Ward","0","2","4500","LAR@ARI","ARI","LAR","","","","",""
"52101-87165","WR","Ahmad","Ahmad Wagner","Wagner","0","2","4500","DET@CHI","CHI","DET","","","","",""
"52101-104577","WR","Gunner","Gunner Olszewski","Olszewski","0.6142857415335519","7","4500","NE@LAC","NE","LAC","","","","",""
"52101-61570","RB","Chandler","Chandler Cox","Cox","0.6333333253860474","3","4500","CIN@MIA","MIA","CIN","","","","",""
"52101-84101","WR","Vyncint","Vyncint Smith","Smith","0.5999999841054281","3","4500","LV@NYJ","NYJ","LV","","","","",""
"52101-71821","WR","Joe","Joe Reed","Reed","0.9888888465033637","9","4500","NE@LAC","LAC","NE","Q","Ribs","","",""
"52101-83086","WR","Daurice","Daurice Fountain","Fountain","1.099999984105428","3","4500","IND@HOU","IND","HOU","","","","",""
"52101-28827","RB","Dare","Dare Ogunbowale","Ogunbowale","0.2","5","4500","JAC@MIN","JAC","MIN","Q","Hand","","",""
"52101-42142","RB","Jordan","Jordan Howard","Howard","4.583333333333333","6","4500","PHI@GB","PHI","GB","","","","",""
"52101-63646","WR","Lawrence","Lawrence Cager","Cager","1.5","3","4500","LV@NYJ","NYJ","LV","","","","",""
"52101-25760","WR","Allen","Allen Hurns","Hurns","0","1","4500","CIN@MIA","MIA","CIN","IR","Opt out","","",""
"52101-86178","WR","Dominique","Dominique Dafney","Dafney","0","1","4500","PHI@GB","GB","PHI","","","","",""
"52101-62628","WR","DeAndre","DeAndre Carter","Carter","-0.07777777645323011","9","4500","DET@CHI","CHI","DET","","","","",""
"52101-61606","WR","George","George Campbell","Campbell","0","1","4500","LV@NYJ","NYJ","LV","","","","",""
"52101-29866","RB","Paul","Paul Perkins","Perkins","1.433333396911621","3","4500","IND@HOU","IND","HOU","","","","",""
"52101-61610","RB","Jacques","Jacques Patrick","Patrick","0","1","4500","CIN@MIA","CIN","MIA","","","","",""
"52101-65706","WR","Deontay","Deontay Burnett","Burnett","1.7000000476837158","2","4500","PHI@GB","PHI","GB","","","","",""
"52101-139438","RB","Pete","Pete Guerriero","Guerriero","0","2","4500","LV@NYJ","NYJ","LV","","","","",""
"52101-96433","WR","Jermiah","Jermiah Braswell","Braswell","0","2","4500","LAR@ARI","ARI","LAR","","","","",""
"52101-40118","WR","Steven","Steven Mitchell Jr.","Mitchell Jr.","2.3499999046325684","2","4500","IND@HOU","HOU","IND","","","","",""
"52101-52409","RB","Jakob","Jakob Johnson","Johnson","2.1499999364217124","6","4500","NE@LAC","NE","LAC","","","","",""
"52101-52410","WR","Josh","Josh Malone","Malone","1.2000000476837158","4","4500","LV@NYJ","NYJ","LV","","","","",""
"52101-68800","WR","Jaleel","Jaleel Scott","Scott","0","1","4500","LV@NYJ","NYJ","LV","","","","",""
"52101-41155","WR","Taquan","Taquan Mizzell","Mizzell","0","0","4500","NYG@SEA","NYG","SEA","","","","",""
"52101-25813","WR","Phillip","Phillip Dorsett II","Dorsett II","0","1","4500","NYG@SEA","SEA","NYG","IR","Foot","","",""
"52101-48344","WR","Albert","Albert Wilson","Wilson","0","1","4500","CIN@MIA","MIA","CIN","IR","Opt out","","",""
"52101-130265","WR","John","John Hurst","Hurst","0","0","4500","NE@LAC","LAC","NE","","","","",""
"52101-55514","RB","Buddy","Buddy Howell","Howell","0","1","4500","IND@HOU","HOU","IND","","","","",""
"52101-40162","RB","Elijah","Elijah Wellman","Wellman","0","0","4500","PHI@GB","GB","PHI","","","","",""
"52101-130275","WR","Kristian","Kristian Wilkerson","Wilkerson","0","1","4500","NE@LAC","NE","LAC","","","","",""
"52101-130274","WR","Isaiah","Isaiah Coulter","Coulter","0","0","4500","IND@HOU","HOU","IND","","","","",""
"52101-93413","WR","Terry","Terry Wright","Wright","0","1","4500","CIN@MIA","MIA","CIN","","","","",""
"52101-63717","RB","Alec","Alec Ingold","Ingold","2.75","8","4500","LV@NYJ","LV","NYJ","Q","Ribs","","",""
"52101-69860","RB","Trayveon","Trayveon Williams","Williams","1.2666666507720947","3","4500","CIN@MIA","CIN","MIA","","","","",""
"52101-130276","WR","Mason","Mason Kinsey","Kinsey","0","1","4500","NE@LAC","NE","LAC","","","","",""
"52101-130279","WR","Matt","Matt Cole","Cole","0","1","4500","CIN@MIA","MIA","CIN","","","","",""
"52101-64744","RB","Josh","Josh Adams","Adams","2.325000047683716","4","4500","LV@NYJ","NYJ","LV","","","","",""
"52101-28907","WR","Alex","Alex Erickson","Erickson","0.13333333863152397","9","4500","CIN@MIA","CIN","MIA","","","","",""
"52101-130284","WR","Marvelle","Marvelle Ross","Ross","0","2","4500","JAC@MIN","JAC","MIN","","","","",""
"52101-45299","RB","David","David Fluellen","Fluellen","0","0","4500","CLE@TEN","TEN","CLE","","","","",""
"52101-48371","WR","Robert","Robert Davis","Davis","0.9000000158945719","3","4500","LV@NYJ","LV","NYJ","","","","",""
"52101-44280","WR","JoJo","JoJo Natson","Natson","0.07500000298023224","4","4500","CLE@TEN","CLE","TEN","IR","Knee - acl","","",""
"52101-61689","RB","James","James Gilbert","Gilbert","0","2","4500","LAR@ARI","LAR","ARI","","","","",""
"52101-12538","D","Los Angeles","Los Angeles Rams","Rams","8.363636363636363","11","4500","LAR@ARI","LAR","ARI","","","","",""
"52101-45307","WR","Rodney","Rodney Adams","Adams","0","2","4500","DET@CHI","CHI","DET","","","","",""
"52101-69884","RB","Darius","Darius Anderson","Anderson","0","1","4500","IND@HOU","IND","HOU","","","","",""
"52101-130303","WR","Shane","Shane Leatherbury","Leatherbury","0","2","4500","LAR@ARI","ARI","LAR","","","","",""
"52101-130302","WR","Devin","Devin Phelps","Phelps","0","2","4500","LAR@ARI","ARI","LAR","","","","",""
"52101-130309","WR","J.J.","J.J. Koski","Koski","0","2","4500","LAR@ARI","LAR","ARI","","","","",""
"52101-41221","WR","Andre","Andre Patton","Patton","0","2","4500","CIN@MIA","MIA","CIN","","","","",""
"52101-130311","WR","Earnest","Earnest Edwards","Edwards","0","2","4500","LAR@ARI","LAR","ARI","","","","",""
"52101-65798","WR","Siaosi","Siaosi Mariner","Mariner","0","0","4500","LV@NYJ","LV","NYJ","","","","",""
"52101-130315","WR","Chris","Chris Rowland","Rowland","0","1","4500","NO@ATL","ATL","NO","","","","",""
"52101-130317","WR","Juwan","Juwan Green","Green","0","1","4500","NO@ATL","ATL","NO","","","","",""
"52101-130318","RB","Mikey","Mikey Daniel","Daniel","0","1","4500","NO@ATL","ATL","NO","","","","",""
"52101-64786","RB","Ryquell","Ryquell Armstead","Armstead","0","2","4500","JAC@MIN","JAC","MIN","IR","Illness","","",""
"52101-62740","WR","Malik","Malik Henry","Henry","0","0","4500","NO@ATL","NO","ATL","","","","",""
"52101-83221","RB","De'Lance","De'Lance Turner","Turner","0","1","4500","CIN@MIA","MIA","CIN","","","","",""
"52101-130326","WR","Manasseh","Manasseh Bailey","Bailey","0","1","4500","PHI@GB","PHI","GB","","","","",""
"52101-130329","RB","Luke","Luke Sellers","Sellers","0","1","4500","DET@CHI","DET","CHI","","","","",""
"52101-130331","RB","Jordan","Jordan Jones","Jones","0","0","4500","PHI@GB","GB","PHI","","","","",""
"52101-68890","WR","Devin","Devin Gray","Gray","0","1","4500","NO@ATL","ATL","NO","","","","",""
"52101-130335","WR","Reggie","Reggie Begelton","Begelton","0","0","4500","PHI@GB","GB","PHI","","","","",""
"52101-41247","RB","William","William Stanback","Stanback","0","0","4500","LV@NYJ","LV","NYJ","","","","",""
"52101-60704","WR","Derrick","Derrick Dillon","Dillon","0","1","4500","NYG@SEA","NYG","SEA","","","","",""
"52101-130336","RB","Sandro","Sandro Platzgummer","Platzgummer","0","1","4500","NYG@SEA","NYG","SEA","","","","",""
"52101-130338","WR","Rysen","Rysen John","John","0","1","4500","NYG@SEA","NYG","SEA","","","","",""
"52101-130343","WR","Jeff","Jeff Cotton","Cotton","0","1","4500","NE@LAC","LAC","NE","","","","",""
"52101-71974","RB","Malcolm","Malcolm Perry","Perry","1.6333333651224773","6","4500","CIN@MIA","MIA","CIN","Q","Chest","","",""
"52101-57640","RB","Napoleon","Napoleon Maxwell","Maxwell","0","2","4500","DET@CHI","CHI","DET","","","","",""
"52101-64808","WR","Juwan","Juwan Johnson","Johnson","1","1","4500","NO@ATL","NO","ATL","","","","",""
"52101-64816","WR","Brandon","Brandon Polk","Polk","0","2","4500","LAR@ARI","LAR","ARI","","","","",""
"52101-55609","TE","Ryan","Ryan Izzo","Izzo","2.5888888041178384","9","4500","NE@LAC","NE","LAC","Q","Hamstring","","",""
"52101-64835","RB","Dexter","Dexter Williams","Williams","0.4000000059604645","2","4500","PHI@GB","GB","PHI","","","","",""
"52101-52553","WR","De'Mornay","De'Mornay Pierson-El","Pierson-El","0","0","4500","LV@NYJ","LV","NYJ","","","","",""
"52101-64841","WR","Equanimeous","Equanimeous St. Brown","St. Brown","2.5250000953674316","4","4500","PHI@GB","GB","PHI","Q","Knee","","",""
"52101-34125","WR","Geremy","Geremy Davis","Davis","0","1","4500","DET@CHI","DET","CHI","","","","",""
"52101-52560","WR","Geronimo","Geronimo Allison","Allison","0","1","4500","DET@CHI","DET","CHI","IR","Opt out","","",""
"52101-60765","WR","Brian","Brian Cole","Cole","0","1","4500","CIN@MIA","MIA","CIN","","","","",""
"52101-40298","WR","Derrick","Derrick Willies","Willies","0","0","4500","CLE@TEN","CLE","TEN","","","","",""
"52101-63855","WR","K.J.","K.J. Osborn","Osborn","0","7","4500","JAC@MIN","MIN","JAC","","","","",""
"52101-14704","WR","Chris","Chris Hogan","Hogan","3.133333206176758","6","4500","LV@NYJ","NYJ","LV","IR","Ankle","","",""
"52101-22898","RB","Brandon","Brandon Bolden","Bolden","0","1","4500","NE@LAC","NE","LAC","IR","Opt out","","",""
"52101-52598","WR","Johnnie","Johnnie Dixon","Dixon","0","2","4500","LAR@ARI","ARI","LAR","","","","",""
"52101-71031","WR","Lil'Jordan","Lil'Jordan Humphrey","Humphrey","0","1","4500","NO@ATL","NO","ATL","","","","",""
"52101-56698","WR","Dante","Dante Pettis","Pettis","-0.5","4","4500","NYG@SEA","NYG","SEA","","","","",""
"52101-70019","RB","Tavien","Tavien Feaster","Feaster","0","1","4500","DET@CHI","DET","CHI","","","","",""
"52101-56708","TE","Will","Will Dissly","Dissly","2.9299999237060548","10","4500","NYG@SEA","SEA","NYG","","","","",""
"52101-64901","RB","Cameron","Cameron Scarlett","Scarlett","0","0","4500","CLE@TEN","TEN","CLE","","","","",""
"52101-56711","TE","Drew","Drew Sample","Sample","3.290909160267223","11","4500","CIN@MIA","CIN","MIA","","","","",""
"52101-64905","WR","Trenton","Trenton Irwin","Irwin","0","1","4500","CIN@MIA","CIN","MIA","","","","",""
"52101-55694","WR","Mike","Mike Thomas","Thomas","2.9749999046325684","8","4500","CIN@MIA","CIN","MIA","Q","Hamstring","","",""
"52101-43413","RB","Kenneth","Kenneth Dixon","Dixon","0","1","4500","LV@NYJ","NYJ","LV","","","","",""
"52101-80281","WR","C.J.","C.J. Board","Board","1.9285714285714286","7","4500","NYG@SEA","NYG","SEA","","","","",""
"52101-72091","RB","Raymond","Raymond Calais","Calais","0","4","4500","LAR@ARI","LAR","ARI","","","","",""
"52101-41371","RB","Khalfani","Khalfani Muhammad","Muhammad","0","1","4500","LAR@ARI","ARI","LAR","","","","",""
"52101-71066","RB","Devwah","Devwah Whaley","Whaley","0","1","4500","CIN@MIA","CIN","MIA","","","","",""
"52101-64926","WR","Michael","Michael Jacquet III","Jacquet III","0","1","4500","PHI@GB","PHI","GB","","","","",""
"52101-73121","RB","Tony","Tony Jones Jr.","Jones Jr.","0","0","4500","NO@ATL","NO","ATL","","","","",""
"52101-28065","WR","Jehu","Jehu Chesson","Chesson","0","1","4500","LV@NYJ","NYJ","LV","","","","",""
"52101-47523","WR","Tajae","Tajae Sharpe","Sharpe","0","2","4500","JAC@MIN","MIN","JAC","","","","",""
"52101-60838","WR","Andre","Andre Baccellia","Baccellia","0","1","4500","NE@LAC","NE","LAC","","","","",""
"52101-28080","WR","Devin","Devin Funchess","Funchess","4.699999809265137","1","4500","PHI@GB","GB","PHI","IR","Opt out","","",""
"52101-60849","WR","Blake","Blake Lynch","Lynch","0","0","4500","JAC@MIN","MIN","JAC","","","","",""
"52101-64949","WR","Ja'Marcus","Ja'Marcus Bradley","Bradley","0","1","4500","CLE@TEN","CLE","TEN","","","","",""
"52101-60861","WR","Damion","Damion Ratley","Ratley","1.3833333651224773","6","4500","IND@HOU","HOU","IND","","","","",""
"52101-26057","RB","Michael","Michael Burton","Burton","0.824999988079071","4","4500","NO@ATL","NO","ATL","","","","",""
"52101-86472","WR","John","John Hightower","Hightower","2.9625000953674316","8","4500","PHI@GB","PHI","GB","","","","",""
"52101-69068","RB","Jonathan","Jonathan Ward","Ward","0","3","4500","LAR@ARI","ARI","LAR","","","","",""
"52101-31184","RB","Jonathan","Jonathan Williams","Williams","1.2999999523162842","2","4500","DET@CHI","DET","CHI","","","","",""
"52101-54741","WR","Seth","Seth Roberts","Roberts","1.0199999809265137","5","4500","PHI@GB","GB","PHI","","","","",""
"52101-103896","WR","Nsimba","Nsimba Webster","Webster","0","9","4500","LAR@ARI","LAR","ARI","","","","",""
"52101-103901","WR","Davion","Davion Davis","Davis","0","0","4500","JAC@MIN","MIN","JAC","","","","",""
"52101-73180","WR","Binjimen","Binjimen Victor","Victor","0","1","4500","NYG@SEA","NYG","SEA","","","","",""
"52101-103902","WR","Alexander","Alexander Hollins","Hollins","2.799999952316284","2","4500","JAC@MIN","MIN","JAC","","","","",""
"52101-6627","WR","Ted","Ted Ginn Jr.","Ginn Jr.","0.9166666666666666","6","4500","DET@CHI","CHI","DET","","","","",""
"52101-14820","RB","Nick","Nick Bellore","Bellore","0.949999988079071","2","4500","NYG@SEA","SEA","NYG","","","","",""
"52101-60910","WR","Dede","Dede Westbrook","Westbrook","-0.36666667461395264","3","4500","JAC@MIN","JAC","MIN","IR","Knee - acl","","",""
"52101-57840","RB","Rashaad","Rashaad Penny","Penny","0","1","4500","NYG@SEA","SEA","NYG","NA","Knee - acl","","",""
"52101-32243","WR","Marquise","Marquise Goodwin","Goodwin","0","1","4500","PHI@GB","PHI","GB","IR","Opt out","","",""
"52101-60915","RB","Rodney","Rodney Anderson","Anderson","0","1","4500","CIN@MIA","CIN","MIA","","","","",""
"52101-28157","WR","Bennie","Bennie Fowler III","Fowler III","2.0999999046325684","1","4500","NO@ATL","NO","ATL","IR","Shoulder - labrum","","",""
"52101-29183","RB","D.J.","D.J. Foster","Foster","0.4666666587193807","3","4500","LAR@ARI","ARI","LAR","","","","",""
"52101-41475","WR","John","John Ross III","Ross III","0.9000000158945719","3","4500","CIN@MIA","CIN","MIA","IR","Foot","","",""
"52101-88590","RB","Scottie","Scottie Phillips","Phillips","0","0","4500","IND@HOU","HOU","IND","","","","",""
"52101-29201","WR","Maurice","Maurice Harris","Harris","0","0","4500","NO@ATL","NO","ATL","","","","",""
"52101-33320","RB","Senorise","Senorise Perry","Perry","0.8999999761581421","1","4500","CLE@TEN","TEN","CLE","","","","",""
"52101-52776","WR","Marcus","Marcus Green","Green","0","1","4500","PHI@GB","PHI","GB","","","","",""
"52101-69164","WR","Kyle","Kyle Williams","Williams","0","0","4500","CLE@TEN","TEN","CLE","","","","",""
"52101-57909","RB","Marlon","Marlon Mack","Mack","3.549999952316284","2","4500","IND@HOU","IND","HOU","IR","Achilles","","",""
"52101-60983","WR","Anthony","Anthony Ratliff-Williams","Ratliff-Williams","0","0","4500","LV@NYJ","LV","NYJ","","","","",""
"52101-103992","WR","Emmanuel","Emmanuel Butler","Butler","0","0","4500","NO@ATL","NO","ATL","","","","",""
"52101-103995","WR","Alex","Alex Wesley","Wesley","0","2","4500","DET@CHI","CHI","DET","","","","",""
"52101-62012","RB","Anthony","Anthony Jones","Jones","0","1","4500","NYG@SEA","SEA","NYG","","","","",""
"52101-103996","WR","Reggie","Reggie White Jr.","White Jr.","0","1","4500","NYG@SEA","NYG","SEA","","","","",""
"52101-70206","RB","Jason","Jason Huntley","Huntley","0.3499999940395355","4","4500","PHI@GB","PHI","GB","","","","",""
"52101-103998","WR","Thomas","Thomas Ives","Ives","0","2","4500","DET@CHI","CHI","DET","","","","",""
"52101-69184","WR","Dillon","Dillon Mitchell","Mitchell","0","0","4500","JAC@MIN","MIN","JAC","","","","",""
"52101-52808","RB","Dontrell","Dontrell Hilliard","Hilliard","1.8333333333333333","3","4500","CLE@TEN","CLE","TEN","","","","",""
"52101-32331","RB","Tra","Tra Carson","Carson","0","1","4500","DET@CHI","DET","CHI","","","","",""
"52101-104012","WR","Ashton","Ashton Dulin","Dulin","1.1833333174387615","6","4500","IND@HOU","IND","HOU","","","","",""
"52101-6739","WR","DeSean","DeSean Jackson","Jackson","4.6400001525878904","5","4500","PHI@GB","PHI","GB","IR","Ankle","","",""
"52101-63061","WR","Gary","Gary Jennings","Jennings","0","1","4500","CIN@MIA","MIA","CIN","","","","",""
"52101-27229","RB","Ameer","Ameer Abdullah","Abdullah","2","5","4500","JAC@MIN","MIN","JAC","","","","",""
"52101-54885","WR","Artavis","Artavis Scott","Scott","0","1","4500","IND@HOU","HOU","IND","","","","",""
"52101-87654","WR","Noah","Noah Igbinoghene","Igbinoghene","0","2","4500","CIN@MIA","MIA","CIN","","","","",""
"52101-64105","RB","Patrick","Patrick Carr","Carr","0","1","4500","NYG@SEA","SEA","NYG","","","","",""
"52101-71280","WR","Kalija","Kalija Lipscomb","Lipscomb","0","0","4500","PHI@GB","GB","PHI","","","","",""
"52101-31360","WR","Odell","Odell Beckham Jr.","Beckham Jr.","10.75999995640346","7","4500","CLE@TEN","CLE","TEN","IR","Knee - acl","","",""
"52101-93824","WR","Easop","Easop Winston Jr.","Winston Jr.","0","2","4500","LAR@ARI","LAR","ARI","","","","",""
"52101-55940","WR","Chad","Chad Hansen","Hansen","0","0","4500","IND@HOU","HOU","IND","","","","",""
"52101-27273","RB","Andy","Andy Janovich","Janovich","0.45000000794728595","6","4500","CLE@TEN","CLE","TEN","","","","",""
"52101-61072","WR","Stanley","Stanley Morgan","Morgan","0","1","4500","CIN@MIA","CIN","MIA","","","","",""
"52101-53913","WR","Cody","Cody Hollister","Hollister","1.7000000476837158","1","4500","CLE@TEN","TEN","CLE","","","","",""
"52101-55964","RB","Tony","Tony Brooks-James","Brooks-James","0.4000000059604645","1","4500","NO@ATL","ATL","NO","","","","",""
"52101-47780","WR","Taywan","Taywan Taylor","Taylor","0","2","4500","CLE@TEN","CLE","TEN","","","","",""
"52101-31397","RB","Jeremy","Jeremy Hill","Hill","0","0","4500","LV@NYJ","LV","NYJ","","","","",""
"52101-52902","WR","Trey","Trey Quinn","Quinn","0","3","4500","JAC@MIN","JAC","MIN","","","","",""
"52101-64175","WR","Hakeem","Hakeem Butler","Butler","0","2","4500","PHI@GB","PHI","GB","","","","",""
"52101-96942","WR","Keelan","Keelan Doss","Doss","3.133333206176758","6","4500","LV@NYJ","LV","NYJ","","","","",""
"52101-7856","WR","Matthew","Matthew Slater","Slater","0","1","4500","NE@LAC","NE","LAC","Q","Knee","","",""
"52101-71355","RB","Elijah","Elijah Holyfield","Holyfield","0","1","4500","PHI@GB","PHI","GB","","","","",""
"52101-71357","RB","Brian","Brian Herrien","Herrien","0","1","4500","CLE@TEN","CLE","TEN","","","","",""
"52101-69310","WR","Josh","Josh Hammond","Hammond","0","2","4500","JAC@MIN","JAC","MIN","","","","",""
"52101-72382","RB","Gabe","Gabe Nabers","Nabers","3.279999923706055","5","4500","NE@LAC","LAC","NE","","","","",""
"52101-71360","WR","Tyler","Tyler Simmons","Simmons","0","0","4500","IND@HOU","HOU","IND","","","","",""
"52101-52931","RB","Elijhaa","Elijhaa Penny","Penny","0.4199999809265137","5","4500","NYG@SEA","NYG","SEA","","","","",""
"52101-73414","WR","Rashad","Rashad Medaris","Medaris","0","2","4500","LAR@ARI","ARI","LAR","","","","",""
"52101-27338","RB","Rex","Rex Burkhead","Burkhead","9.509999847412109","10","4500","NE@LAC","NE","LAC","IR","Knee - acl","","",""
"52101-69325","WR","Riley","Riley Ridley","Ridley","1.475000023841858","4","4500","DET@CHI","CHI","DET","","","","",""
"52101-64205","WR","Jalen","Jalen McCleskey","McCleskey","0","1","4500","NO@ATL","ATL","NO","","","","",""
"52101-53967","RB","Nick","Nick Bawden","Bawden","0","1","4500","DET@CHI","DET","CHI","IR","Undisclosed","","",""
"52101-81616","WR","Rashard","Rashard Davis","Davis","2.0999999046325684","1","4500","CLE@TEN","TEN","CLE","","","","",""
"52101-64215","RB","Karan","Karan Higdon Jr.","Higdon Jr.","0","0","4500","IND@HOU","HOU","IND","","","","",""
"52101-64222","RB","Jordan","Jordan Glasgow","Glasgow","0","2","4500","IND@HOU","IND","HOU","","","","",""
"52101-63201","RB","Xavier","Xavier Jones","Jones","0","3","4500","LAR@ARI","LAR","ARI","","","","",""
"52101-29411","TE","Pharaoh","Pharaoh Brown","Brown","3.4","5","4500","IND@HOU","HOU","IND","","","","",""
"52101-70372","WR","Chester","Chester Rogers","Rogers","3.7700000762939454","10","4500","CLE@TEN","TEN","CLE","","","","",""
"52101-56041","RB","Khari","Khari Blasingame","Blasingame","1.1800000190734863","5","4500","CLE@TEN","TEN","CLE","Q","Shoulder","","",""
"52101-38634","WR","Ryan","Ryan Switzer","Switzer","0","1","4500","CLE@TEN","CLE","TEN","","","","",""
"52101-71414","WR","Quartney","Quartney Davis","Davis","0","0","4500","JAC@MIN","MIN","JAC","","","","",""
"52101-56059","WR","Trent","Trent Sherfield","Sherfield","0.36666667461395264","3","4500","LAR@ARI","ARI","LAR","","","","",""
"52101-96001","RB","Sirgeo","Sirgeo Hoffman","Hoffman","0","2","4500","LAR@ARI","ARI","LAR","","","","",""
"52101-85762","RB","Eno","Eno Benjamin","Benjamin","0","2","4500","LAR@ARI","ARI","LAR","","","","",""
"52101-69383","WR","Dezmon","Dezmon Patmon","Patmon","0","1","4500","IND@HOU","IND","HOU","","","","",""
"52101-45835","WR","Da'Mari","Da'Mari Scott","Scott","0","1","4500","NYG@SEA","NYG","SEA","IR","Opt out","","",""
"52101-61200","WR","Jaylinn","Jaylinn Hawkins","Hawkins","0","1","4500","NO@ATL","ATL","NO","","","","",""
"52101-28437","RB","Danny","Danny Vitale","Vitale","0","1","4500","NE@LAC","NE","LAC","IR","Opt out","","",""
"52101-29466","RB","Ricky","Ricky Ortiz","Ortiz","1.2999999523162842","1","4500","NO@ATL","NO","ATL","","","","",""
"52101-56099","RB","Cullen","Cullen Gillaspia","Gillaspia","0.550000011920929","2","4500","IND@HOU","HOU","IND","Q","Back","","",""
"52101-31524","WR","Cody","Cody Core","Core","0","1","4500","NYG@SEA","NYG","SEA","IR","Achilles","","",""
"52101-33578","RB","Jalen","Jalen Richard","Richard","3.2555554707845054","9","4500","LV@NYJ","LV","NYJ","","","","",""
"52101-72493","WR","Trishton","Trishton Jackson","Jackson","0","2","4500","LAR@ARI","LAR","ARI","","","","",""
"52101-28463","WR","Austin","Austin Carr","Carr","1.2999999523162842","2","4500","NO@ATL","NO","ATL","","","","",""
"52101-43826","WR","Tommylee","Tommylee Lewis","Lewis","1","1","4500","NO@ATL","NO","ATL","","","","",""
"52101-65331","RB","Sutton","Sutton Smith","Smith","0","1","4500","NYG@SEA","SEA","NYG","","","","",""
"52101-32564","WR","Josh","Josh Doctson","Doctson","0","1","4500","LV@NYJ","NYJ","LV","IR","Opt out","","",""
"52101-22336","WR","Josh","Josh Bellamy","Bellamy","0","1","4500","LV@NYJ","NYJ","LV","","","","",""
"52101-31561","WR","Donte","Donte Moncrief","Moncrief","0.6666666666666666","3","4500","NE@LAC","NE","LAC","","","","",""
"52101-41806","WR","Laquon","Laquon Treadwell","Treadwell","0","1","4500","NO@ATL","ATL","NO","","","","",""
"52101-56142","WR","Juwann","Juwann Winfree","Winfree","0","0","4500","PHI@GB","GB","PHI","","","","",""
"52101-64339","WR","Auden","Auden Tate","Tate","2.4444444444444446","9","4500","CIN@MIA","CIN","MIA","IR","Shoulder","","",""
"52101-28502","WR","Devin","Devin Smith","Smith","6.599999745686849","3","4500","IND@HOU","HOU","IND","","","","",""
"52101-63319","WR","K.J.","K.J. Hill","Hill","0.1857142789023263","7","4500","NE@LAC","LAC","NE","","","","",""
"52101-104282","RB","Wes","Wes Hills","Hills","0","1","4500","DET@CHI","DET","CHI","","","","",""
"52101-44893","RB","Roosevelt","Roosevelt Nix","Nix","0","1","4500","IND@HOU","IND","HOU","","","","",""
"52101-104284","RB","Bruce","Bruce Anderson III","Anderson III","0","1","4500","IND@HOU","IND","HOU","","","","",""
"52101-63330","RB","Mike","Mike Weber","Weber","0","0","4500","PHI@GB","GB","PHI","","","","",""
"52101-70501","RB","C.J.","C.J. Ham","Ham","0.5874999761581421","8","4500","JAC@MIN","MIN","JAC","","","","",""
"52101-64357","WR","Michael","Michael Walker","Walker","0","2","4500","JAC@MIN","JAC","MIN","","","","",""
"52101-104297","WR","Jason","Jason Moore","Moore","0","1","4500","NE@LAC","LAC","NE","","","","",""
"52101-28545","RB","Rod","Rod Smith","Smith","0","1","4500","NYG@SEA","NYG","SEA","","","","",""
"52101-41857","RB","Dalyn","Dalyn Dawkins","Dawkins","1.2999999523162842","2","4500","DET@CHI","DET","CHI","","","","",""
"52101-56203","RB","Jon","Jon Hilliman","Hilliman","0","1","4500","NYG@SEA","NYG","SEA","","","","",""
"52101-64401","RB","Saquon","Saquon Barkley","Barkley","4.133333206176758","3","4500","NYG@SEA","NYG","SEA","IR","Knee - acl","","",""
"52101-41876","WR","Quincy","Quincy Adeboyejo","Adeboyejo","0","1","4500","NE@LAC","NE","LAC","IR","Undisclosed","","",""
"52101-64405","WR","Dan","Dan Chisena","Chisena","0","0","4500","JAC@MIN","MIN","JAC","","","","",""
"52101-29593","WR","Marqise","Marqise Lee","Lee","0","1","4500","NE@LAC","NE","LAC","IR","Opt out","","",""
"52101-71578","RB","Artavis","Artavis Pierce","Pierce","0.29999999205271405","3","4500","DET@CHI","CHI","DET","","","","",""
"52101-40866","WR","J'Mon","J'Mon Moore","Moore","0","1","4500","IND@HOU","HOU","IND","","","","",""
"52101-63399","WR","Terry","Terry Godwin","Godwin","0","3","4500","JAC@MIN","JAC","MIN","","","","",""
"52101-25513","WR","Darius","Darius Jennings","Jennings","0","1","4500","NE@LAC","LAC","NE","","","","",""
"52101-34729","RB","Dwayne","Dwayne Washington","Washington","0.375","4","4500","NO@ATL","NO","ATL","","","","",""
"52101-54186","WR","A.J.","A.J. Richardson","Richardson","0","2","4500","LAR@ARI","ARI","LAR","","","","",""
"52101-63403","RB","Tae","Tae Crowder","Crowder","3","2","4500","NYG@SEA","NYG","SEA","","","","",""
"52101-72627","RB","Patrick","Patrick Taylor","Taylor","0","0","4500","PHI@GB","GB","PHI","IR","Undisclosed","","",""
"52101-69558","WR","Greg","Greg Dortch","Dortch","0","2","4500","LAR@ARI","LAR","ARI","","","","",""
"52101-94136","WR","Jeff","Jeff Thomas","Thomas","0","1","4500","NE@LAC","NE","LAC","","","","",""
"52101-41922","WR","Johnny","Johnny Holton","Holton","0","1","4500","NYG@SEA","NYG","SEA","","","","",""
"52101-61379","RB","Kerrith","Kerrith Whyte Jr.","Whyte Jr.","0","1","4500","DET@CHI","DET","CHI","","","","",""
"52101-43973","RB","Keith","Keith Smith","Smith","0.4888888994852702","9","4500","NO@ATL","ATL","NO","","","","",""
"52101-104388","WR","Tom","Tom Kennedy","Kennedy","0","1","4500","DET@CHI","DET","CHI","","","","",""
"52101-56262","WR","Parris","Parris Campbell","Campbell","3.8999999364217124","3","4500","IND@HOU","IND","HOU","IR","Knee - mcl","","",""
"52101-70601","TE","Harrison","Harrison Bryant","Bryant","3.8400001525878906","10","4500","CLE@TEN","CLE","TEN","","","","",""
"52101-73687","WR","Quez","Quez Watkins","Watkins","0","1","4500","PHI@GB","PHI","GB","","","","",""
"52101-63447","WR","Penny","Penny Hart","Hart","0","1","4500","NYG@SEA","SEA","NYG","","","","",""
"52101-41954","WR","Victor","Victor Bolden","Bolden","0","1","4500","DET@CHI","DET","CHI","","","","",""
"52101-104424","RB","Craig","Craig Reynolds","Reynolds","0","2","4500","JAC@MIN","JAC","MIN","","","","",""
"52101-71661","WR","Tino","Tino Ellis","Ellis","0","0","4500","CIN@MIA","MIA","CIN","","","","",""
"52101-65518","WR","John","John Ursua","Ursua","0","1","4500","NYG@SEA","SEA","NYG","","","","",""
"52101-26610","WR","Paul","Paul Richardson Jr.","Richardson Jr.","0","1","4500","NYG@SEA","SEA","NYG","","","","",""
"52101-31732","WR","Corey","Corey Coleman","Coleman","0","1","4500","NYG@SEA","NYG","SEA","","","","",""
"52101-72693","RB","Adrian","Adrian Killins Jr.","Killins Jr.","-0.25","2","4500","PHI@GB","PHI","GB","","","","",""
"52101-63479","RB","John","John Kelly","Kelly","0","1","4500","CLE@TEN","CLE","TEN","","","","",""
"52101-12537","D","Las Vegas","Las Vegas Raiders","Raiders","2.8181818181818183","11","4400","LV@NYJ","LV","NYJ","","","","",""
"52101-91047","TE","Cole","Cole Kmet","Kmet","2.1555555131700306","9","4400","DET@CHI","CHI","DET","","","","",""
"52101-28694","TE","Jesse","Jesse James","James","2.7750000953674316","8","4300","DET@CHI","DET","CHI","","","","",""
"52101-42046","TE","Durham","Durham Smythe","Smythe","3.549999952316284","8","4300","CIN@MIA","MIA","CIN","","","","",""
"52101-130270","TE","Adam","Adam Trautman","Trautman","3.3333333333333335","6","4300","NO@ATL","NO","ATL","","","","",""
"52101-12540","D","Minnesota","Minnesota Vikings","Vikings","4.090909090909091","11","4300","JAC@MIN","MIN","JAC","","","","",""
"52101-41469","TE","Darrell","Darrell Daniels","Daniels","2.883333206176758","6","4300","LAR@ARI","ARI","LAR","IR","Ankle","","",""
"52101-62998","TE","Jace","Jace Sternberger","Sternberger","2.924999952316284","8","4300","PHI@GB","GB","PHI","","","","",""
"52101-104278","TE","Donald","Donald Parham Jr.","Parham Jr.","3.1499999364217124","6","4300","NE@LAC","LAC","NE","","","","",""
"52101-12527","D","Chicago","Chicago Bears","Bears","5.636363636363637","11","4200","DET@CHI","CHI","DET","","","","",""
"52101-6641","TE","Jason","Jason Witten","Witten","2.9000000953674316","8","4200","LV@NYJ","LV","NYJ","","","","",""
"52101-6672","TE","Marcedes","Marcedes Lewis","Lewis","3.8714286259242465","7","4200","PHI@GB","GB","PHI","Q","Knee","","",""
"52101-39492","TE","Josh","Josh Hill","Hill","2","7","4200","NO@ATL","NO","ATL","","","","",""
"52101-28346","TE","Maxx","Maxx Williams","Williams","2.133333365122477","6","4200","LAR@ARI","ARI","LAR","","","","",""
"52101-69326","TE","Isaac","Isaac Nauta","Nauta","0.26666667064030963","3","4200","DET@CHI","DET","CHI","","","","",""
"52101-71386","TE","Jordan","Jordan Thomas","Thomas","1.7000000476837158","4","4200","NE@LAC","NE","LAC","","","","",""
"52101-19342","TE","Demetrius","Demetrius Harris","Harris","0.8888888888888888","9","4200","DET@CHI","CHI","DET","","","","",""
"52101-62508","TE","James","James O'Shaughnessy","O'Shaughnessy","2.6299999237060545","10","4100","JAC@MIN","JAC","MIN","","","","",""
"52101-70705","TE","Trevon","Trevon Wesco","Wesco","0.3333333333333333","3","4100","LV@NYJ","NYJ","LV","IR","Ankle","","",""
"52101-30800","TE","Jason","Jason Croom","Croom","6.800000190734863","1","4100","PHI@GB","PHI","GB","","","","",""
"52101-71806","TE","Kaden","Kaden Smith","Smith","1.5699999809265137","10","4100","NYG@SEA","NYG","SEA","","","","",""
"52101-12533","D","Green Bay","Green Bay Packers","Packers","5.545454545454546","11","4100","PHI@GB","GB","PHI","","","","",""
"52101-34073","TE","Ryan","Ryan Griffin","Griffin","2.25","4","4100","LV@NYJ","NYJ","LV","","","","",""
"52101-60712","TE","Foster","Foster Moreau","Moreau","3.5999999046325684","4","4100","LV@NYJ","LV","NYJ","","","","",""
"52101-27672","TE","Matt","Matt LaCosse","LaCosse","0","1","4000","NE@LAC","NE","LAC","IR","Opt out","","",""
"52101-29725","TE","Levine","Levine Toilolo","Toilolo","0.925000011920929","4","4000","NYG@SEA","NYG","SEA","","","","",""
"52101-60451","TE","Tyler","Tyler Conklin","Conklin","1.5499999523162842","2","4000","JAC@MIN","MIN","JAC","","","","",""
"52101-62505","TE","MyCole","MyCole Pruitt","Pruitt","3.066666603088379","3","4000","CLE@TEN","TEN","CLE","","","","",""
"52101-64563","TE","Hale","Hale Hentges","Hentges","0","1","4000","IND@HOU","IND","HOU","","","","",""
"52101-14394","TE","Virgil","Virgil Green","Green","3.125","4","4000","NE@LAC","LAC","NE","IR","Ankle","","",""
"52101-71767","TE","Caleb","Caleb Wilson","Wilson","0","1","4000","PHI@GB","PHI","GB","","","","",""
"52101-64603","TE","Farrod","Farrod Green","Green","0","1","4000","IND@HOU","IND","HOU","","","","",""
"52101-79980","TE","Eric","Eric Saubert","Saubert","0.26666667064030963","3","4000","JAC@MIN","JAC","MIN","","","","",""
"52101-58499","TE","Parker","Parker Hesse","Hesse","0","0","4000","CLE@TEN","TEN","CLE","","","","",""
"52101-62617","TE","Khari","Khari Lee","Lee","0","1","4000","DET@CHI","DET","CHI","","","","",""
"52101-71885","TE","Parker","Parker Houston","Houston","0","2","4000","LAR@ARI","ARI","LAR","","","","",""
"52101-63697","TE","Brycen","Brycen Hopkins","Hopkins","0","2","4000","LAR@ARI","LAR","ARI","","","","",""
"52101-11488","TE","Ed","Ed Dickson","Dickson","0","1","4000","NYG@SEA","SEA","NYG","","","","",""
"52101-130273","TE","Dylan","Dylan Stapleton","Stapleton","0","0","4000","IND@HOU","HOU","IND","","","","",""
"52101-62691","TE","Nate","Nate Wieting","Wieting","0","1","4000","NYG@SEA","NYG","SEA","","","","",""
"52101-130286","TE","Ben","Ben Ellefson","Ellefson","0.875","4","4000","JAC@MIN","JAC","MIN","Q","Knee","","",""
"52101-12529","D","Cleveland","Cleveland Browns","Browns","6.7272727272727275","11","4000","CLE@TEN","CLE","TEN","","","","",""
"52101-24817","TE","Nick","Nick O'Leary","O'Leary","2.924999952316284","8","4000","LV@NYJ","LV","NYJ","IR","Chest","","",""
"52101-52468","TE","Ethan","Ethan Wolf","Wolf","0","1","4000","NO@ATL","NO","ATL","","","","",""
"52101-64762","TE","Nakia","Nakia Griffin-Stewart","Griffin-Stewart","0","0","4000","NYG@SEA","NYG","SEA","","","","",""
"52101-61693","TE","Danny","Danny Pinter","Pinter","0","1","4000","IND@HOU","IND","HOU","","","","",""
"52101-62718","TE","Daniel","Daniel Brown","Brown","0","1","4000","LV@NYJ","NYJ","LV","","","","",""
"52101-29956","TE","Joshua","Joshua Perkins","Perkins","0","1","4000","PHI@GB","PHI","GB","IR","Upper body","","",""
"52101-45335","TE","Michael","Michael Roberts","Roberts","0","1","4000","CIN@MIA","MIA","CIN","","","","",""
"52101-63775","TE","Scottie","Scottie Dill","Dill","0","1","4000","NO@ATL","ATL","NO","","","","",""
"52101-65839","TE","Kahale","Kahale Warring","Warring","0","1","4000","IND@HOU","HOU","IND","","","","",""
"52101-83253","TE","Paul","Paul Butler","Butler","0","1","4000","NE@LAC","NE","LAC","","","","",""
"52101-138552","TE","Connor","Connor Davis","Davis","0","1","4000","LV@NYJ","NYJ","LV","","","","",""
"52101-63839","TE","Tyler","Tyler Mabry","Mabry","0","1","4000","NYG@SEA","SEA","NYG","","","","",""
"52101-64864","TE","Noah","Noah Togiai","Togiai","0","2","4000","IND@HOU","IND","HOU","","","","",""
"52101-25957","TE","J.P.","J.P. Holtz","Holtz","0","4","4000","DET@CHI","CHI","DET","","","","",""
"52101-60791","TE","Tommy","Tommy Hudson","Hudson","0","0","4000","CLE@TEN","TEN","CLE","","","","",""
"52101-87422","TE","Dom","Dom Wood-Anderson","Wood-Anderson","0","1","4000","NYG@SEA","SEA","NYG","","","","",""
"52101-73089","TE","Devin","Devin Asiasi","Asiasi","0","1","4000","NE@LAC","NE","LAC","IR","Undisclosed","","",""
"52101-22920","TE","Derek","Derek Carrier","Carrier","0.949999988079071","2","4000","LV@NYJ","LV","NYJ","","","","",""
"52101-45472","TE","Garrett","Garrett Griffin","Griffin","0","0","4000","NO@ATL","NO","ATL","","","","",""
"52101-63907","TE","Josh","Josh Oliver","Oliver","0","2","4000","JAC@MIN","JAC","MIN","IR","Foot","","",""
"52101-40371","TE","Johnny","Johnny Mundt","Mundt","2.433333396911621","3","4000","LAR@ARI","LAR","ARI","","","","",""
"52101-47551","TE","Mason","Mason Schreck","Schreck","0","1","4000","CIN@MIA","CIN","MIA","","","","",""
"52101-84440","TE","Jaeden","Jaeden Graham","Graham","0.699999988079071","4","4000","NO@ATL","ATL","NO","","","","",""
"52101-103900","TE","Brandon","Brandon Dillon","Dillon","1.100000023841858","1","4000","JAC@MIN","MIN","JAC","","","","",""
"52101-31207","TE","C.J.","C.J. Uzomah","Uzomah","6.233333587646484","3","4000","CIN@MIA","CIN","MIA","IR","Achilles","","",""
"52101-61936","TE","Caleb","Caleb Repp","Repp","0","1","4000","NO@ATL","ATL","NO","","","","",""
"52101-89588","TE","Colby","Colby Parkinson","Parkinson","0","1","4000","NYG@SEA","SEA","NYG","","","","",""
"52101-64023","TE","Kyle","Kyle Markway","Markway","0","1","4000","CLE@TEN","CLE","TEN","","","","",""
"52101-60981","TE","Charlie","Charlie Heck","Heck","0","0","4000","IND@HOU","HOU","IND","","","","",""
"52101-60984","TE","Jake","Jake Bargas","Bargas","0","0","4000","JAC@MIN","MIN","JAC","","","","",""
"52101-104008","TE","Stephen","Stephen Carlson","Carlson","0.5999999841054281","6","4000","CLE@TEN","CLE","TEN","","","","",""
"52101-41552","TE","Dylan","Dylan Cantrell","Cantrell","0","2","4000","NE@LAC","NE","LAC","","","","",""
"52101-55895","TE","Kendall","Kendall Blanton","Blanton","0","2","4000","LAR@ARI","LAR","ARI","","","","",""
"52101-29277","TE","Stephen","Stephen Anderson","Anderson","0","1","4000","NE@LAC","LAC","NE","","","","",""
"52101-56947","TE","Chris","Chris Myarick","Myarick","0","1","4000","CIN@MIA","MIA","CIN","","","","",""
"52101-38523","TE","Geoff","Geoff Swaim","Swaim","1.975000023841858","4","4000","CLE@TEN","TEN","CLE","","","","",""
"52101-65182","TE","Mitchell","Mitchell Wilcox","Wilcox","0","1","4000","CIN@MIA","CIN","MIA","","","","",""
"52101-62119","TE","C.J.","C.J. Conrad","Conrad","0","1","4000","NYG@SEA","NYG","SEA","","","","",""
"52101-61112","TE","Josiah","Josiah Deguara","Deguara","1.7000000476837158","1","4000","PHI@GB","GB","PHI","IR","Knee - acl","","",""
"52101-70335","TE","Seth","Seth DeValve","DeValve","0","2","4000","LAR@ARI","ARI","LAR","","","","",""
"52101-70341","TE","Moritz","Moritz Bohringer","Bohringer","0","1","4000","CIN@MIA","CIN","MIA","","","","",""
"52101-29390","TE","Evan","Evan Baylis","Baylis","0","2","4000","LAR@ARI","ARI","LAR","","","","",""
"52101-63216","TE","Jared","Jared Rice","Rice","0","1","4000","NE@LAC","LAC","NE","","","","",""
"52101-86770","TE","Hunter","Hunter Bryant","Bryant","0","1","4000","DET@CHI","DET","CHI","Q","Concussion","","",""
"52101-61172","TE","Tyler","Tyler Davis","Davis","0","2","4000","JAC@MIN","JAC","MIN","","","","",""
"52101-6914","TE","Greg","Greg Olsen","Olsen","3.9900001525878905","10","4000","NYG@SEA","SEA","NYG","IR","Foot","","",""
"52101-55099","TE","Ian","Ian Bunting","Bunting","0","1","4000","IND@HOU","IND","HOU","","","","",""
"52101-70458","TE","Jason","Jason Vander Laan","Vander Laan","0","1","4000","NO@ATL","NO","ATL","IR","Opt out","","",""
"52101-65341","TE","Ryan","Ryan Roberts","Roberts","0","1","4000","NE@LAC","LAC","NE","","","","",""
"52101-38722","TE","Cethan","Cethan Carter","Carter","0.8666666348775228","6","4000","CIN@MIA","CIN","MIA","","","","",""
"52101-70489","TE","Ben","Ben Braunecker","Braunecker","0","2","4000","DET@CHI","CHI","DET","","","","",""
"52101-63321","TE","Rashod","Rashod Berry","Berry","0","1","4000","NE@LAC","NE","LAC","","","","",""
"52101-64351","TE","Jake","Jake Burt","Burt","0","1","4000","NE@LAC","NE","LAC","","","","",""
"52101-66402","TE","Jack","Jack Driscoll","Driscoll","0","1","4000","PHI@GB","PHI","GB","","","","",""
"52101-55153","TE","Garrett","Garrett Dickerson","Dickerson","0","1","4000","NYG@SEA","NYG","SEA","","","","",""
"52101-55172","TE","Cole","Cole Herdman","Herdman","0","0","4000","CLE@TEN","TEN","CLE","","","","",""
"52101-64408","TE","Nick","Nick Bowers","Bowers","0","0","4000","LV@NYJ","LV","NYJ","","","","",""
"52101-65492","TE","Dax","Dax Raymond","Raymond","0","1","4000","PHI@GB","GB","PHI","","","","",""
"52101-54239","TE","Matt","Matt Sokol","Sokol","0","1","4000","NE@LAC","LAC","NE","","","","",""
"52101-14304","TE","Luke","Luke Stocker","Stocker","0.5","7","4000","NO@ATL","ATL","NO","","","","",""
"52101-104421","TE","Jesper","Jesper Horsted","Horsted","0","2","4000","DET@CHI","CHI","DET","","","","",""
"52101-85994","TE","Dalton","Dalton Keene","Keene","0.6499999761581421","2","4000","NE@LAC","NE","LAC","IR","Knee","","",""
"52101-57325","TE","Jordan","Jordan Franks","Franks","0","1","4000","CLE@TEN","CLE","TEN","","","","",""
"52101-12534","D","Tennessee","Tennessee Titans","Titans","4.818181818181818","11","3900","CLE@TEN","TEN","CLE","","","","",""
"52101-12548","D","Los Angeles","Los Angeles Chargers","Chargers","5.090909090909091","11","3900","NE@LAC","LAC","NE","","","","",""
"52101-12546","D","Arizona","Arizona Cardinals","Cardinals","5.909090909090909","11","3800","LAR@ARI","ARI","LAR","","","","",""
"52101-12541","D","New England","New England Patriots","Patriots","5.909090909090909","11","3700","NE@LAC","NE","LAC","","","","",""
"52101-12556","D","Houston","Houston Texans","Texans","4.181818181818182","11","3700","IND@HOU","HOU","IND","","","","",""
"52101-12528","D","Cincinnati","Cincinnati Bengals","Bengals","2.909090909090909","11","3600","CIN@MIA","CIN","MIA","","","","",""
"52101-12525","D","Atlanta","Atlanta Falcons","Falcons","5.2727272727272725","11","3500","NO@ATL","ATL","NO","","","","",""
"52101-12532","D","Detroit","Detroit Lions","Lions","2.6363636363636362","11","3500","DET@CHI","DET","CHI","","","","",""
"52101-12543","D","New York","New York Giants","Giants","6.636363636363637","11","3400","NYG@SEA","NYG","SEA","","","","",""
"52101-12545","D","Philadelphia","Philadelphia Eagles","Eagles","6.636363636363637","11","3400","PHI@GB","PHI","GB","","","","",""
"52101-12544","D","New York","New York Jets","Jets","4","11","3300","LV@NYJ","NYJ","LV","","","","",""
"52101-12554","D","Jacksonville","Jacksonville Jaguars","Jaguars","3.5454545454545454","11","3200","JAC@MIN","JAC","MIN","","","","",""